timestamp,air_temp_era5_ES,carbon_price_ES,day_of_year_cos,day_of_year_sin,filling_rate_ES,gas_price_ES,hour_cos,hour_sin,isworkingday_ES,load_da_ES,nuclear_avail_esios_ES,nuclear_avail_rte_FR,river_flow_mean_ES,river_temp_ES,rl_FR,rl_PT,run_off_gen_ES,solar_da_ES,ssrd_ES,wind_da_ES,wind_speed_100m_ES,year
2022-05-06 12:00:00+00:00,18.695526,80.46928043999999,-0.5631507242749186,0.8263541987239096,7954466.0,87.9,-1.0,1.2246467991473532e-16,1.0,28682.0,6125.5,30093.0,138.25545454545454,15.966666666666669,38648.44,4811.1,1019.0,13820.7,3227179.8,7365.0,3.0043814,2022
2019-12-09 07:00:00+00:00,10.363136,22.79031588,0.9291414114031744,-0.3697245428906732,8160557.0,13.86,-0.2588190451025208,0.9659258262890684,1.0,28424.0,6071.9,46836.0,136.81909090909093,11.333333333333334,54865.34,4884.5,1484.0,69.5,151.62245,7763.0,5.5539603,2019
2020-10-20 10:00:00+00:00,18.041372,17.2389636,0.3415707691678551,-0.9398560579418956,8224358.0,14.25,-0.8660254037844387,0.4999999999999999,1.0,31777.0,6125.5,43325.0,93.15454545454546,16.1,47553.74,3876.7,759.0,2970.6,932412.8,12458.0,7.000195,2020
2020-11-01 06:00:00+00:00,13.464994,17.2389636,0.5270777086423716,-0.8498170915275282,8440297.0,12.95,6.123233995736766e-17,1.0,0.0,20035.0,6125.5,44530.0,87.39727272727272,15.533333333333331,30104.83,3076.6,787.0,141.8,0.0,5445.0,1.9483926,2020
2018-01-05 12:00:00+00:00,13.074169,15.1252596,0.9962981749346078,0.0859647987374464,5104801.6,19.63,-1.0,1.2246467991473532e-16,1.0,33317.0,7117.2,56681.0,191.145,11.35,60399.25,5346.0,1317.0,1483.3,1041836.3,11175.0,6.699083,2018
2021-08-03 23:00:00+00:00,21.446333,46.29497964,-0.847540922892831,-0.5307300481619335,8477701.0,42.1,0.9659258262890684,-0.2588190451025207,1.0,25213.0,7117.2,41400.0,57.14454545454544,24.100000000000005,36643.49,2594.8,666.0,493.3,0.0,5724.0,2.53513,2021
2019-02-27 09:00:00+00:00,11.700401,22.79031588,0.5416278206559814,0.8406184056344782,8865013.0,20.0,-0.7071067811865475,0.7071067811865476,1.0,33729.0,7117.2,54136.0,133.87083333333334,10.566666666666668,61290.19,5193.5,1116.0,3662.3,952047.75,3696.0,1.9261837,2019
2020-02-04 02:00:00+00:00,11.507076,17.2389636,0.8239230057575543,0.5667017562911175,10445314.0,10.25,0.8660254037844387,0.4999999999999999,1.0,22772.0,7117.2,52130.0,118.21363636363638,10.666666666666666,40763.28,4582.6,1523.0,7.6,0.0,6181.0,3.9909072,2020
2019-08-26 11:00:00+00:00,24.649849,22.79031588,-0.5772916165517278,-0.8165380514459157,7325462.0,11.5,-0.9659258262890682,0.258819045102521,1.0,35259.0,7117.2,39468.0,49.54916666666667,24.566666666666663,46917.62,5280.6,736.0,4706.2,2362805.8,4597.0,2.6282578,2019
2021-04-15 16:00:00+00:00,14.748451,46.29497964,-0.2344913895704096,0.9721181966290612,11756650.0,20.99,-0.5000000000000004,-0.8660254037844385,1.0,28908.0,5115.6,39655.0,59.69636363636364,15.333333333333334,45194.01,5631.9,917.0,2704.6,1303228.4,8276.0,5.0106297,2021
2022-08-19 23:00:00+00:00,21.686014,80.46928043999999,-0.6712599575675318,-0.7412220108485954,5982421.0,40.0,0.9659258262890684,-0.2588190451025207,0.0,23745.0,7117.2,25163.0,45.440000000000005,24.2,32740.18,4151.1,588.0,429.9,0.0,6316.0,2.3911574,2022
2020-10-26 09:00:00+00:00,12.738614,17.2389636,0.436651231956063,-0.8996308696522438,8440297.0,14.77,-0.7071067811865475,0.7071067811865476,1.0,31432.0,6125.5,46507.0,105.71909090909092,16.3,51916.51,4490.8,1166.0,5578.6,746159.2,12505.0,7.015088,2020
2018-04-07 18:00:00+00:00,12.430742,15.1252596,-0.0988201387328714,0.9951053111006976,10090502.6,21.0,-1.8369701987210292e-16,-1.0,0.0,27384.0,6071.9,42525.0,272.06083333333333,12.95,43722.65,5127.1,1939.0,213.0,384884.0,4935.0,2.6522975,2018
2020-07-08 00:00:00+00:00,21.447104,17.2389636,-0.99167731989929,-0.1287481774525806,11962484.0,6.5,1.0,0.0,1.0,25576.0,7011.9,32955.0,57.43181818181818,23.46666666666667,37692.88,4701.0,883.0,423.7,0.0,5537.0,1.664723,2020
2022-01-11 09:00:00+00:00,9.287877,80.46928043999999,0.9821256058680006,0.1882267098432442,7149220.0,85.5,-0.7071067811865475,0.7071067811865476,1.0,33250.0,7117.2,47295.0,564.4858333333333,9.9,74015.61,5039.9,1207.0,4415.2,291482.25,8790.0,4.759941,2022
2023-10-13 07:00:00+00:00,18.190659,89.55725625000001,0.209314645963048,-0.9778483415056568,6736945.0,45.5,-0.2588190451025208,0.9659258262890684,1.0,25007.0,5772.5,39810.0,33.8609090909091,21.1,34989.64,4519.3,456.0,2763.9,91640.5,6679.0,3.2286625,2023
2020-12-03 17:00:00+00:00,11.123507,17.2389636,0.893918596519257,-0.4482293417404106,8372287.0,17.48,-0.2588190451025206,-0.9659258262890684,1.0,34878.0,7117.2,49255.0,82.59363636363638,11.566666666666668,63853.02,3626.9,880.0,105.4,84073.805,13700.0,6.581439,2020
2021-08-26 08:00:00+00:00,22.039036,46.29497964,-0.5772916165517278,-0.8165380514459157,7373652.0,46.7,-0.4999999999999998,0.8660254037844387,1.0,30896.0,7117.2,43072.0,54.041818181818186,24.366666666666664,43431.94,4821.4,607.0,7305.6,1011936.06,970.0,0.6714088,2021
2019-12-22 19:00:00+00:00,13.013276,22.79031588,0.9880226656636976,-0.154308820664281,8628229.0,10.5,0.2588190451025203,-0.9659258262890684,0.0,29264.0,6071.9,46345.0,646.1258333333333,10.533333333333331,49252.05,4107.7,1763.0,14.0,0.0,14637.0,10.098987,2019
2020-11-11 23:00:00+00:00,13.17062,17.2389636,0.6648553979642859,-0.7469720876965558,8602562.0,14.0,0.9659258262890684,-0.2588190451025207,1.0,24933.0,6125.5,48605.0,92.47818181818182,14.733333333333334,49600.0,4747.3,1145.0,12.8,0.0,4766.0,2.0209954,2020
2021-05-20 04:00:00+00:00,12.953378,46.29497964,-0.7441039398713604,0.6680638642135338,11268445.0,24.4,0.5000000000000001,0.8660254037844386,1.0,24823.0,5068.5,40870.0,44.191818181818185,19.46666666666667,45149.29,3500.1,1254.0,250.2,0.0,3444.0,2.3410182,2021
2022-04-25 15:00:00+00:00,17.786505,80.46928043999999,-0.3975428142825558,0.9175836260593938,7856475.0,86.0,-0.7071067811865477,-0.7071067811865475,1.0,27317.0,5061.6,30374.0,209.04090909090908,15.033333333333331,38931.67,3406.2,1236.0,11048.4,2386841.0,2042.0,1.8250954,2022
2018-11-10 04:00:00+00:00,12.897478,15.1252596,0.6387494220515268,-0.7694148268839381,7685544.0,24.2,0.5000000000000001,0.8660254037844386,0.0,22664.0,4676.2,47004.0,123.615,13.633333333333333,37077.2,4235.0,1259.0,9.1,0.0,12250.0,6.1220627,2018
2023-07-21 10:00:00+00:00,24.71809,89.55725625000001,-0.9441875088341996,-0.3294084822245298,8561884.0,29.3,-0.8660254037844387,0.4999999999999999,1.0,33050.0,7117.2,37130.0,34.03090909090909,26.766666666666666,37660.5,4215.7,628.0,15799.4,2425296.2,4436.0,2.5834732,2023
2023-12-19 13:00:00+00:00,11.8411875,89.55725625000001,0.9787400799669153,-0.2051044998686192,9597457.0,31.0,-0.9659258262890684,-0.2588190451025203,1.0,31647.0,7117.2,48270.0,163.75454545454548,9.4,50786.82,5358.0,1108.0,12070.6,1485961.4,1736.0,2.215536,2023
2022-09-10 17:00:00+00:00,27.22176,80.46928043999999,-0.3496474552512282,-0.9368813462954316,5498074.0,40.0,-0.2588190451025206,-0.9659258262890684,0.0,27138.0,7117.2,24966.0,38.950909090909086,21.9,36955.54,4740.4,416.0,6389.9,1057617.4,2504.0,0.53536546,2022
2023-03-03 11:00:00+00:00,9.8685,89.55725625000001,0.4825077417612184,0.8758917051442429,9758770.0,49.0,-0.9659258262890682,0.258819045102521,1.0,33015.0,6121.4,39370.0,67.34,10.9,55364.0,5785.7,712.0,13412.0,1981475.0,6708.0,2.8206751,2023
2018-11-20 02:00:00+00:00,10.979367,15.1252596,0.7611042586607742,-0.6486295610349818,7927348.0,26.78,0.8660254037844387,0.4999999999999999,1.0,23102.0,5110.1,45500.0,108.02666666666666,14.233333333333334,57315.3,3113.4,901.0,4.2,0.0,3442.0,2.976424,2018
2020-01-02 03:00:00+00:00,6.2314653,17.2389636,0.9994074007397048,0.0344216116227457,9522998.0,11.75,0.7071067811865476,0.7071067811865476,1.0,18822.0,7117.2,51590.0,157.17636363636362,9.0,53916.83,3350.7,1375.0,8.8,0.0,2270.0,1.3831158,2020
2022-07-14 10:00:00+00:00,29.051285,80.46928043999999,-0.9769384927771816,-0.2135209154397959,7037432.0,40.0,-0.8660254037844387,0.4999999999999999,1.0,36578.0,7117.2,27545.0,44.46,26.9,35906.68,5607.4,668.0,11431.0,2601062.2,2579.0,1.9774812,2022
2020-10-18 21:00:00+00:00,14.767736,17.2389636,0.3090169943749472,-0.9510565162951536,8253016.0,14.99,0.7071067811865474,-0.7071067811865477,0.0,24350.0,6125.5,45210.0,131.1772727272727,15.8,51933.44,2785.8,829.0,119.3,0.0,5096.0,3.6752787,2020
2021-08-31 14:00:00+00:00,26.355341,46.29497964,-0.5049610547215202,-0.8631421280499115,7047190.0,50.0,-0.8660254037844386,-0.5000000000000001,1.0,31984.0,7117.2,45732.0,50.32,23.4,37024.19,5304.1,588.0,8731.8,2611981.5,3288.0,2.030152,2021
2022-06-21 18:00:00+00:00,22.313913,80.46928043999999,-0.9837092937736096,0.1797665857255624,7440164.0,40.0,-1.8369701987210292e-16,-1.0,1.0,31377.0,7117.2,30890.0,43.529,26.03333333333333,45854.57,5200.7,632.0,4177.2,793406.8,7902.0,2.3691278,2022
2022-11-11 02:00:00+00:00,12.918179,80.46928043999999,0.6518989958787125,-0.7583058084785625,5135888.0,40.0,0.8660254037844387,0.4999999999999999,1.0,21044.0,6071.9,30890.0,36.01363636363636,18.633333333333333,39105.0,2595.6,636.0,27.5,0.0,5130.0,4.7034984,2022
2018-05-07 17:00:00+00:00,18.898174,15.1252596,-0.5772916165517272,0.8165380514459161,11941137.0,20.9,-0.2588190451025206,-0.9659258262890684,1.0,28977.0,5066.1,42000.0,204.46416666666667,15.15,43028.28,5252.3,1753.0,1907.2,1255392.5,2235.0,1.411657,2018
2018-10-31 19:00:00+00:00,11.490375,15.1252596,0.4975132889071803,-0.8674563547295971,7630760.0,27.64,0.2588190451025203,-0.9659258262890684,1.0,35038.0,6105.9,47220.0,70.1475,14.3,59182.92,6337.9,842.0,28.8,0.0,3453.0,2.5389254,2018
2018-12-16 11:00:00+00:00,12.628682,15.1252596,0.9668478136052776,-0.2553532951161872,8104824.0,25.1,-0.9659258262890682,0.258819045102521,0.0,27849.0,6121.4,55255.0,149.97083333333333,11.3,65429.56,2003.6,1289.0,1641.4,839082.25,12464.0,6.435205,2018
2022-05-15 06:00:00+00:00,16.404203,80.46928043999999,-0.6839194216246103,0.7295575540864878,7941866.0,80.0,6.123233995736766e-17,1.0,0.0,19763.0,5122.1,28365.0,63.1,19.9,27397.46,1391.7000000000005,1033.0,2502.1,193538.86,7155.0,3.2082255,2022
2020-04-07 08:00:00+00:00,13.432865,17.2389636,-0.1159345995955004,0.9932568492674144,11312209.0,8.25,-0.4999999999999998,0.8660254037844387,1.0,24281.0,7117.2,45865.0,134.8118181818182,13.699999999999998,41619.92,4339.5,1452.0,2641.7,686892.75,3748.0,2.9523265,2020
2020-03-03 05:00:00+00:00,9.126469,17.2389636,0.4673592171580022,0.8840675099433636,10393202.0,8.3,0.2588190451025207,0.9659258262890684,1.0,26468.0,7117.2,49529.0,118.5418181818182,11.766666666666666,59897.98,1370.9,1469.0,21.3,0.0,13776.0,7.005355,2020
2022-06-20 13:00:00+00:00,23.88833,80.46928043999999,-0.980469160361632,0.1966728897935764,7440164.0,40.0,-0.9659258262890684,-0.2588190451025203,1.0,32489.0,6113.8,30890.0,49.71,26.03333333333333,39772.41,3750.0,640.0,11136.6,2953639.0,8180.0,3.0423043,2022
2019-06-01 00:00:00+00:00,17.727608,22.79031588,-0.865307254363206,0.5012418134457758,9891188.0,13.98,1.0,0.0,0.0,23314.0,5122.1,41215.0,45.623333333333335,20.53333333333333,38223.35,4208.6,1030.0,626.1,0.0,4248.0,2.2261174,2019
2021-07-29 08:00:00+00:00,22.668932,46.29497964,-0.8900275764346768,-0.4559066935084586,8852855.0,38.97,-0.4999999999999998,0.8660254037844387,1.0,32422.0,7117.2,44420.0,56.47090909090909,24.933333333333337,44470.14,5124.9,838.0,8437.1,1217492.8,3232.0,2.1578715,2021
2023-08-20 17:00:00+00:00,30.140333,89.55725625000001,-0.6584015846980489,-0.7526668275320083,7667381.0,36.95,-0.2588190451025206,-0.9659258262890684,0.0,27630.0,6947.5,36698.0,37.58181818181818,27.96666666666667,36396.0,3602.6,472.0,9922.1,1387359.8,4152.0,1.6678468,2023
2022-03-13 02:00:00+00:00,9.955668,80.46928043999999,0.3253420847119803,0.9455963874271424,6793423.0,126.93,0.8660254037844387,0.4999999999999999,0.0,19876.0,6053.3,36920.0,108.86818181818184,12.133333333333333,38631.02,2174.1,869.0,10.4,0.0,9199.0,3.622751,2022
2019-10-20 01:00:00+00:00,15.728551,22.79031588,0.3253420847119803,-0.9455963874271424,6219253.0,13.48,0.9659258262890684,0.2588190451025207,0.0,19800.0,6111.4,39761.0,47.21416666666666,19.833333333333336,34829.81,1960.9,662.0,17.8,0.0,7402.0,3.4220972,2019
2018-05-18 01:00:00+00:00,14.212148,15.1252596,-0.7206671495538609,0.6932812268869777,12009342.4,22.75,0.9659258262890684,0.2588190451025207,1.0,22990.0,6071.9,46605.0,109.70333333333332,16.6,38708.64,3261.6,1458.0,429.7,0.0,4680.0,2.609808,2018
2020-11-13 06:00:00+00:00,12.725776,17.2389636,0.6901733882429714,-0.723644038295913,8602562.0,14.2,6.123233995736766e-17,1.0,1.0,28440.0,6125.5,49495.0,89.96181818181819,14.7,49863.2,3994.5,1036.0,25.0,0.0,2836.0,2.236942,2020
2021-04-14 11:00:00+00:00,15.152259,46.29497964,-0.2177232303965317,0.9760105506323684,11756650.0,21.26,-0.9659258262890682,0.258819045102521,1.0,32348.0,6111.4,38740.0,63.59909090909091,15.166666666666666,51795.21,4893.7,947.0,5923.5,2075048.0,4915.0,3.787791,2021
2019-08-09 08:00:00+00:00,24.302849,22.79031588,-0.7883050558305256,-0.6152845999633274,7910767.0,13.1,-0.4999999999999998,0.8660254037844387,1.0,34117.0,7117.2,41603.0,46.4825,25.73333333333333,40287.39,6088.0,760.0,3565.2,1078211.9,7961.0,4.2811303,2019
2023-08-25 05:00:00+00:00,22.267334,89.55725625000001,-0.5912614448635782,-0.8064799463209447,7451239.0,32.89,0.2588190451025207,0.9659258262890684,1.0,27493.0,6888.5,35387.0,33.059999999999995,28.23333333333333,38485.37,4197.6,504.0,92.7,0.0,3190.0,1.2212203,2023
2022-06-13 10:00:00+00:00,26.070433,80.46928043999999,-0.9497178427914318,0.3131070409358265,7610604.0,40.0,-0.8660254037844387,0.4999999999999999,1.0,33429.0,6113.8,29255.0,43.18,24.6,42297.1,4894.3,780.0,11855.1,2555040.0,4594.0,1.8424907,2022
2022-11-25 13:00:00+00:00,15.168789,80.46928043999999,0.8140460935082175,-0.5808002734538013,5454445.0,40.0,-0.9659258262890684,-0.2588190451025203,1.0,29743.0,7117.2,34984.0,66.68454545454546,17.099999999999998,48465.04,5213.1,1148.0,8902.9,1374459.4,9603.0,4.406537,2022
2018-07-22 21:00:00+00:00,22.325361,15.1252596,-0.9383773917408642,-0.3456123126707333,10732748.9,25.2,0.7071067811865474,-0.7071067811865477,0.0,27564.0,7117.2,42450.0,57.873333333333335,23.450000000000003,44154.88,5788.0,1093.0,632.4,19.839046,4849.0,1.9792771,2018
2020-06-01 13:00:00+00:00,22.755337,17.2389636,-0.8738071036110806,0.4862727071086904,12884805.0,5.51,-0.9659258262890684,-0.2588190451025203,1.0,27358.0,4106.7,36845.0,64.34727272727272,21.23333333333333,29357.84,4820.2,1303.0,6843.0,2851046.5,2046.0,1.3728151,2020
2023-07-18 07:00:00+00:00,23.8472,89.55725625000001,-0.9599326896597444,-0.2802306751992161,8561884.0,26.0,-0.2588190451025208,0.9659258262890684,1.0,31962.0,7117.2,35815.0,34.85727272727273,26.96666666666667,40921.69,5185.8,612.0,7790.4,703889.4,3627.0,0.43258384,2023
2020-11-01 16:00:00+00:00,19.628048,17.2389636,0.5270777086423716,-0.8498170915275282,8440297.0,12.95,-0.5000000000000004,-0.8660254037844385,0.0,23371.0,6125.5,43850.0,87.39727272727272,15.533333333333331,31528.16,3789.5,860.0,1819.2,666257.4,4978.0,2.1182852,2020
2018-02-02 07:00:00+00:00,5.2081146,15.1252596,0.8429415373547828,0.5380051715382996,5411688.3,21.21,-0.2588190451025208,0.9659258262890684,1.0,36049.0,7117.2,57790.0,166.01916666666668,8.9,74422.95,3539.6,1159.0,118.2,159.12569,9579.0,6.8132806,2018
2021-10-09 22:00:00+00:00,16.856304,46.29497964,0.141540295217043,-0.989932495087353,6211446.0,105.0,0.8660254037844384,-0.5000000000000004,0.0,22262.0,7117.2,43455.0,38.71727272727273,18.8,41107.48,3152.4,445.0,103.3,0.0,9304.0,3.111543,2021
2020-09-16 16:00:00+00:00,25.905851,17.2389636,-0.2344913895704105,-0.9721181966290612,8792826.0,12.25,-0.5000000000000004,-0.8660254037844385,1.0,31980.0,7117.2,35560.0,59.34636363636364,23.3,46012.22,5828.7,654.0,2011.4,1304216.6,2706.0,1.390012,2020
2022-02-04 15:00:00+00:00,13.627403,80.46928043999999,0.8239230057575543,0.5667017562911175,7003277.0,78.0,-0.7071067811865477,-0.7071067811865475,1.0,30704.0,7117.2,48656.0,111.54454545454549,8.533333333333333,53262.49,5906.8,636.0,3422.0,1085675.5,5016.0,3.1693652,2022
2021-08-16 09:00:00+00:00,24.310362,46.29497964,-0.7086266782644598,-0.7055836101071777,7728542.0,47.05,-0.7071067811865475,0.7071067811865476,1.0,30564.0,7117.2,40676.0,52.06818181818182,25.4,35057.520000000004,3733.3,623.0,9281.9,1773807.5,7778.0,4.1772413,2021
2023-02-24 03:00:00+00:00,6.0490446,89.55725625000001,0.5842981736283684,0.811539059007361,9817436.0,49.5,0.7071067811865476,0.7071067811865476,1.0,22713.0,6121.4,41815.0,94.32545454545452,12.1,45342.87,4640.8,900.0,55.0,0.0,4211.0,1.804597,2023
2022-12-23 22:00:00+00:00,12.931827,80.46928043999999,0.9905324521322229,-0.1372787721132651,7263299.0,40.0,0.8660254037844384,-0.5000000000000004,1.0,25303.0,7117.2,37370.0,45.058181818181815,12.233333333333334,37399.87,4367.0,1184.0,49.3,0.0,8742.0,4.199033,2022
2020-02-13 11:00:00+00:00,13.454765,17.2389636,0.7266075247685656,0.687052767223667,10452323.0,9.7,-0.9659258262890682,0.258819045102521,1.0,33406.0,7117.2,51769.0,148.40727272727275,10.733333333333334,54930.64,6364.7,1343.0,3516.3,1190797.0,7156.0,3.7814534,2020
2020-09-17 02:00:00+00:00,20.316135,17.2389636,-0.2177232303965322,-0.9760105506323682,8792826.0,12.0,0.8660254037844387,0.4999999999999999,1.0,23531.0,7117.2,36340.0,61.401818181818186,23.266666666666666,31312.81,4262.4,534.0,4.8,0.0,3370.0,2.1722953,2020
2020-10-04 06:00:00+00:00,13.04539,17.2389636,0.0730951298980768,-0.9973249731081556,8407927.0,12.0,6.123233995736766e-17,1.0,0.0,20168.0,5691.6,39270.0,92.43999999999998,17.833333333333332,30638.09,1306.1999999999998,791.0,346.5,830.5693,11341.0,5.865831,2020
2020-02-07 05:00:00+00:00,8.727461,17.2389636,0.7935716089521474,0.6084768701151261,10445314.0,10.4,0.2588190451025207,0.9659258262890684,1.0,26799.0,7117.2,52805.0,174.78181818181818,9.566666666666666,62433.76,4294.6,1428.0,12.7,0.0,3592.0,2.5189118,2020
2020-07-18 01:00:00+00:00,20.523287,17.2389636,-0.9549667548552552,-0.2967128192734901,11748175.0,5.3,0.9659258262890684,0.2588190451025207,0.0,23624.0,7117.2,36240.0,54.23181818181818,23.399999999999995,34445.07,3501.2,741.0,428.2,0.0,7005.0,2.6429937,2020
2021-06-10 17:00:00+00:00,25.419228,46.29497964,-0.9322892131745132,0.3617137307297676,10912561.0,28.0,-0.2588190451025206,-0.9659258262890684,1.0,31072.0,4076.8,40695.0,41.05636363636364,23.266666666666666,44666.2,3222.9,1098.0,5682.3,1647935.2,5516.0,1.4601188,2021
2019-02-24 11:00:00+00:00,14.293415,22.79031588,0.5842981736283684,0.811539059007361,8866543.0,20.4,-0.9659258262890682,0.258819045102521,0.0,26981.0,7117.2,54136.0,150.68416666666664,10.233333333333333,51241.39,4751.5,1042.0,4599.8,2010462.0,3004.0,3.4837594,2019
2020-10-15 01:00:00+00:00,11.684276,17.2389636,0.2595117970697994,-0.965739937654855,8253016.0,13.0,0.9659258262890684,0.2588190451025207,1.0,21951.0,6125.5,44650.0,142.32,15.966666666666669,42944.47,3000.4,741.0,104.2,0.0,6583.0,5.0549326,2020
2022-02-20 07:00:00+00:00,7.3243613,80.46928043999999,0.6387494220515272,0.7694148268839378,6930013.0,78.0,-0.2588190451025208,0.9659258262890684,0.0,22228.0,7117.2,41777.0,68.65272727272728,10.3,40647.6,3168.1000000000004,718.0,941.6,5623.6064,5383.0,3.3766603,2022
2022-12-31 17:00:00+00:00,14.764877,80.46928043999999,1.0,-2.4492935982947064e-16,8010646.0,40.0,-0.2588190451025206,-0.9659258262890684,0.0,24938.0,7117.2,32000.0,39.01,11.4,35067.89,858.7999999999997,1092.0,280.8,128535.66,10770.0,5.6877456,2022
2018-11-24 16:00:00+00:00,12.91295,15.1252596,0.8039279618328213,-0.5947266869607633,7927348.0,25.7,-0.5000000000000004,-0.8660254037844385,0.0,28325.0,5110.1,45710.0,110.6075,12.866666666666667,59153.2,1860.5,1229.0,356.7,351999.25,6244.0,3.1479943,2018
2023-10-31 05:00:00+00:00,12.963055,89.55725625000001,0.4975132889071803,-0.8674563547295971,7948710.0,48.0,0.2588190451025207,0.9659258262890684,1.0,22460.0,5061.6,39634.0,87.97272727272728,17.066666666666666,37786.22,3962.0,1024.0,7.0,0.0,7871.0,2.9185908,2023
2022-08-23 06:00:00+00:00,20.742746,80.46928043999999,-0.6186714032625032,-0.7856498550787144,5812377.0,40.0,6.123233995736766e-17,1.0,1.0,26473.0,7117.2,25146.0,44.66799999999999,25.566666666666663,41605.14,2971.9,572.0,1143.4,43866.547,5384.0,2.4876885,2022
2018-12-13 13:00:00+00:00,11.186953,15.1252596,0.9523775757303972,-0.3049212246562894,8104824.0,25.64,-0.9659258262890684,-0.2588190451025203,1.0,34407.0,6121.4,54725.0,89.7675,11.3,69807.3,2812.2000000000003,1185.0,1601.7,852825.25,12449.0,7.1139708,2018
2018-12-20 02:00:00+00:00,9.815719,15.1252596,0.9821256058680004,-0.1882267098432448,8153074.0,26.1,0.8660254037844387,0.4999999999999999,1.0,24172.0,5076.1,54775.0,130.5066666666667,11.3,50604.52,3546.8,1281.0,7.8,0.0,6667.0,3.4456215,2018
2021-07-13 17:00:00+00:00,22.731869,46.29497964,-0.980469160361632,-0.1966728897935762,9598298.0,36.97,-0.2588190451025206,-0.9659258262890684,1.0,30790.0,7117.2,39435.0,52.6,22.866666666666664,39814.79,3513.0,807.0,6339.1,1621032.5,7411.0,4.0485806,2021
2020-06-29 05:00:00+00:00,19.156061,17.2389636,-0.9996666485105112,0.025818440227133,12209124.0,7.48,0.2588190451025207,0.9659258262890684,1.0,25936.0,7117.2,31220.0,70.17545454545456,24.433333333333334,37971.05,3115.7,1064.0,690.3,13180.916,2404.0,2.6182876,2020
2023-09-29 14:00:00+00:00,26.692766,89.55725625000001,-0.0301203048469083,-0.9995462806873572,7052792.0,40.54,-0.8660254037844386,-0.5000000000000001,1.0,27729.0,5983.0,41831.0,34.277,23.1,32887.54,4574.4,368.0,14839.1,2369055.2,1963.0,1.931455,2023
2019-01-14 12:00:00+00:00,12.181927,22.79031588,0.9711000518829505,0.2386727660059501,7877846.0,25.8,-1.0,1.2246467991473532e-16,1.0,37489.0,7117.2,53482.0,42.19,9.1,67524.63,7285.0,689.0,3942.1,1486872.5,7047.0,3.8132627,2019
2023-08-28 18:00:00+00:00,23.669899,89.55725625000001,-0.5488429582847199,-0.8359254794186365,7269947.0,35.0,-1.8369701987210292e-16,-1.0,1.0,28678.0,7043.3,36918.0,33.92545454545455,22.96666666666667,38797.35,3653.4,608.0,3754.6,608198.0,10736.0,6.432382,2023
2023-01-26 22:00:00+00:00,5.8304114,89.55725625000001,0.901501684131884,0.4327755925504312,10151548.0,45.0,0.8660254037844384,-0.5000000000000004,1.0,31012.0,7117.2,44740.0,96.98818181818184,10.8,65214.99,4920.5,1364.0,72.2,0.0,13362.0,5.06596,2023
2021-05-25 00:00:00+00:00,13.657585,46.29497964,-0.7987793728863647,0.6016240632249229,11238136.0,24.0,1.0,0.0,1.0,22036.0,5068.5,39960.0,41.04181818181818,19.000000000000004,34117.66,2122.5,1140.0,253.7,0.0,4822.0,2.903642,2021
2019-09-02 12:00:00+00:00,25.019007,22.79031588,-0.4749510720670502,-0.8800122039735356,7109331.0,11.58,-1.0,1.2246467991473532e-16,1.0,35232.0,7117.2,39975.0,49.1325,24.666666666666668,44570.52,4892.1,572.0,5989.9,2696405.5,7852.0,3.0570471,2019
2021-04-07 00:00:00+00:00,10.726137,46.29497964,-0.0988201387328714,0.9951053111006976,12000960.0,19.75,1.0,0.0,1.0,22331.0,6111.4,40035.0,53.34,14.766666666666666,52297.73,3491.8,992.0,59.5,0.0,12361.0,3.867363,2021
2018-03-11 09:00:00+00:00,11.471562,15.1252596,0.3576982388331257,0.9338372288229252,6658815.9,22.2,-0.7071067811865475,0.7071067811865476,0.0,26691.0,6071.9,47435.0,372.9815384615385,10.95,46016.4,726.0999999999995,1802.0,1833.3,882606.5,14966.0,11.216966,2018
2020-03-21 05:00:00+00:00,10.036313,17.2389636,0.1755314904214282,0.9844738167520922,10818085.0,7.9,0.2588190451025207,0.9659258262890684,0.0,20359.0,7117.2,43409.0,289.9791666666667,11.933333333333332,36016.4,3859.9,1564.0,4.6,0.0,3674.0,1.9074181,2020
2023-02-28 14:00:00+00:00,9.163552,89.55725625000001,0.5270777086423722,0.8498170915275278,9758770.0,49.49,-0.8660254037844386,-0.5000000000000001,1.0,31695.0,6121.4,39370.0,81.21909090909092,10.4,52686.22,5162.6,772.0,13267.9,1964822.1,13897.0,5.4214754,2023
2018-12-08 06:00:00+00:00,9.972858,15.1252596,0.9226395488404876,-0.3856634062436074,8084888.0,24.55,6.123233995736766e-17,1.0,0.0,23213.0,6121.4,52040.0,100.35583333333334,11.9,42049.45,3391.3,1094.0,15.2,0.0,5140.0,4.261504,2018
2023-09-20 08:00:00+00:00,18.834152,89.55725625000001,-0.1839983516576798,-0.9829265519799822,7135990.0,35.45,-0.4999999999999998,0.8660254037844387,1.0,28334.0,6053.3,39810.0,44.32090909090909,23.33333333333333,34767.13,4704.7,484.0,11201.9,637336.56,4269.0,2.2215285,2023
2018-10-05 22:00:00+00:00,18.07076,15.1252596,0.0730951298980768,-0.9973249731081556,8040905.0,27.22,0.8660254037844384,-0.5000000000000004,0.0,25626.0,7117.2,43715.0,47.35916666666666,20.33333333333333,43809.03,3874.0,543.0,297.4,0.0,3886.0,0.6779209,2018
2021-04-17 15:00:00+00:00,14.284613,46.29497964,-0.2678143051621742,0.9634705485641488,11756650.0,21.4,-0.7071067811865477,-0.7071067811865475,0.0,25001.0,6111.4,37015.0,49.693636363636365,14.8,35737.4,4276.6,797.0,8535.5,2330530.8,9610.0,3.13531,2021
2018-02-25 10:00:00+00:00,9.644124,15.1252596,0.5702422926917871,0.8214765533024142,5669946.4,25.7,-0.8660254037844387,0.4999999999999999,0.0,29497.0,7117.2,53060.0,322.12,8.3,62563.69,4387.4,1201.0,3629.8,1432594.0,1485.0,0.61353266,2018
