timestamp,air_temp_era5_FR,carbon_price_FR,day_of_year_cos,day_of_year_sin,filling_rate_FR,gas_price_FR,hour_cos,hour_sin,isworkingday_FR,load_da_FR,nuclear_avail_esios_ES,nuclear_avail_rte_FR,river_flow_mean_FR,river_temp_FR,rl_BE,rl_DE_LU,rl_ES,rl_IT_NORD,run_off_gen_FR,solar_da_FR,ssrd_FR,wind_da_FR,wind_speed_100m_FR,year
2019-04-26 08:00:00+00:00,10.411526,22.79031588,-0.4132786077829042,0.9106046300942162,1004280.0,14.3,-0.4999999999999998,0.8660254037844387,1.0,58100.0,7038.5,47165.0,293.74963793243785,12.74683324495949,8578.675,43756.9,22560.9,20943.0,6083.0,2901.38,1011257.06,1951.83,5.6151657,2019
2022-07-14 17:00:00+00:00,26.582924,80.46928043999999,-0.9769384927771816,-0.2135209154397959,2462110.0,178.5,-0.2588190451025206,-0.9659258262890684,0.0,44800.0,7117.2,27545.0,147.60235118030118,25.325000603993743,7755.9075,38552.982500000006,21901.25,24222.0,3111.0,3275.24,1523977.9,5034.46,3.9951138,2022
2020-10-14 06:00:00+00:00,8.333834,17.2389636,0.2428497220959349,-0.9700639218515072,3019708.0,13.75,6.123233995736766e-17,1.0,1.0,61900.0,6125.5,43660.0,260.2330453805454,12.001699829101556,8689.615,41051.8925,22012.6,23889.0,4153.0,0.0,1127.6472,2193.95,3.8691542,2020
2023-09-23 17:00:00+00:00,17.130262,89.55725625000001,-0.1330147065341963,-0.9911140639934546,2809675.0,41.88333333333333,-0.2588190451025206,-0.9659258262890684,0.0,40300.0,5983.0,38295.0,216.6409163651164,19.150388823615195,8257.825,35965.72749999999,16762.325,17202.0,3757.0,990.87,463005.1,2322.93,2.9573178,2023
2023-03-15 01:00:00+00:00,5.757802,89.55725625000001,0.2926003356333486,0.9562348265919056,1437424.0,44.75,0.9659258262890684,0.2588190451025207,1.0,50900.0,7117.2,36510.0,499.3220810403768,10.305889023674844,6498.645,25935.225,17838.175,14162.0,5625.0,0.0,0.0,4257.77,5.497836,2023
2021-07-09 20:00:00+00:00,18.328138,46.29497964,-0.99167731989929,-0.1287481774525806,2349488.0,36.85,0.5000000000000001,-0.8660254037844386,1.0,44150.0,7117.2,41347.0,517.8795501017499,19.05699976285297,8769.835,48011.8275,23116.2,22048.0,5755.0,210.71,54143.04,818.44,1.3588731,2021
2019-08-31 04:00:00+00:00,17.247412,22.79031588,-0.5049610547215202,-0.8631421280499115,2760250.0,8.616666666666667,0.5000000000000001,0.8660254037844386,0.0,35800.0,7117.2,39215.0,201.34220266585265,21.892124970754008,7119.6175,37576.0075,21967.6,16690.0,2777.0,0.0,0.0,2701.37,1.4841866,2019
2020-05-04 17:00:00+00:00,18.356092,17.2389636,-0.548842958284719,0.8359254794186372,1977501.0,5.5,-0.2588190451025206,-0.9659258262890684,1.0,43550.0,5110.1,39605.0,349.4774490842491,15.8360832532247,7425.1,43366.94,10891.3,18646.0,6473.0,1824.78,988828.3,2796.46,3.7914033,2020
2018-06-10 05:00:00+00:00,15.868157,15.1252596,-0.9322892131745132,0.3617137307297676,2062657.0,21.633333333333333,0.2588190451025207,0.9659258262890684,0.0,31900.0,5068.5,42510.0,458.9352501221002,15.226666847864788,7206.365,38080.87,17651.5,11457.0,7216.0,238.57,107308.375,1371.45,0.9672382,2018
2018-02-08 16:00:00+00:00,4.1620574,15.1252596,0.7829801036770629,0.6220467484408675,1416974.0,17.98,-0.5000000000000004,-0.8660254037844385,1.0,80100.0,7117.2,56954.0,584.2295120370371,5.479500035444895,12117.9575,75802.21250000001,29706.1,27080.0,6351.0,348.11,468668.88,1158.6,2.1741133,2018
2022-12-10 12:00:00+00:00,4.304834,80.46928043999999,0.935367949313148,-0.3536761221763721,2374305.0,139.13333333333333,-1.0,1.2246467991473532e-16,0.0,67600.0,7117.2,40725.0,205.27261362735493,5.95333339770635,9020.070000000002,51772.0825,12118.175,16578.0,3652.0,4462.58,820914.44,2177.87,2.9950943,2022
2018-06-13 07:00:00+00:00,15.000753,15.1252596,-0.9497178427914318,0.3131070409358265,2343672.0,22.48,-0.2588190451025208,0.9659258262890684,1.0,50700.0,5068.5,42570.0,629.6926193935693,14.077083190282208,9800.2425,55709.62999999999,21661.0,24482.0,7699.0,1733.66,738788.3,2007.84,4.4055476,2018
2022-08-18 20:00:00+00:00,19.363283,80.46928043999999,-0.6839194216246107,-0.7295575540864874,2249940.0,236.5,0.5000000000000001,-0.8660254037844386,1.0,43000.0,7117.2,28406.0,137.61023337865836,20.163583278656027,9002.380000000001,45118.78,18495.225,14673.0,2493.0,0.0,1847.4667,3249.82,4.710743,2022
2023-11-13 00:00:00+00:00,12.030991,89.55725625000001,0.6776147890466887,-0.7354170229639858,2978309.0,40.8,1.0,0.0,1.0,44050.0,6125.5,37000.0,597.5982487253488,10.992111073599924,6816.125,35958.1625,10271.575,11844.0,6030.0,0.0,0.0,11738.45,7.038671,2023
2019-03-09 03:00:00+00:00,8.132382,22.79031588,0.3896304495307879,0.9209712877166346,1161979.0,16.813333333333333,0.7071067811865476,0.7071067811865476,0.0,49450.0,7117.2,48961.0,278.5700473544973,8.807833353678383,6145.2300000000005,9674.165,19889.6,13764.0,3885.0,0.0,0.0,10002.63,7.748267,2019
2018-04-17 00:00:00+00:00,9.423271,15.1252596,-0.2678143051621742,0.9634705485641488,642271.0,19.0,1.0,0.0,1.0,47900.0,5066.1,45110.0,382.416127542622,10.18091658751169,7980.5325,44836.34,18307.3,14354.0,5741.0,0.0,0.0,1797.36,2.9757016,2018
2019-09-08 14:00:00+00:00,17.648342,22.79031588,-0.3816892202666594,-0.924290722193093,2718854.0,9.48,-0.8660254037844386,-0.5000000000000001,0.0,37550.0,7117.2,41036.0,163.53680085877087,18.64687498410542,6365.98,39052.3525,17483.2,11310.0,2105.0,4758.39,1956218.1,2739.44,3.3251731,2019
2018-10-25 09:00:00+00:00,13.190365,15.1252596,0.4054257283599965,-0.914127988185334,2474033.0,24.45,-0.7071067811865475,0.7071067811865476,1.0,57700.0,7117.2,45170.0,120.01043848188849,13.719444486829984,11044.165,35415.277500000004,26954.2,21986.0,2058.0,2236.67,797295.56,937.08,1.8978472,2018
2023-11-02 13:00:00+00:00,11.88686,89.55725625000001,0.5270777086423716,-0.8498170915275282,2856838.0,41.53,-0.9659258262890684,-0.2588190451025203,1.0,54950.0,5061.6,40229.0,412.0359082251082,12.1013331413269,6232.307500000001,20198.4225,4253.799999999999,22492.0,5033.0,4596.0,781265.94,17734.35,10.505762,2023
2019-07-21 16:00:00+00:00,25.268215,22.79031588,-0.9441875088341996,-0.3294084822245298,2690219.0,10.45,-0.5000000000000004,-0.8660254037844385,0.0,40450.0,7117.2,42329.0,171.9687478632478,23.09408362706501,6866.710000000001,29871.3525,20616.5,15256.0,3293.0,2999.82,1826579.4,609.72,1.7708648,2019
2018-01-19 08:00:00+00:00,5.494455,15.1252596,0.9469877530760752,0.3212696616923644,1660658.0,18.3,-0.4999999999999998,0.8660254037844387,1.0,74250.0,7117.2,57780.0,730.563207041107,6.890750010808309,11372.1525,66530.1775,31345.0,27354.0,6942.0,225.07,35418.344,4048.6,7.0213885,2018
2020-01-22 23:00:00+00:00,4.9238377,17.2389636,0.9291414114031744,0.3697245428906731,2426891.0,10.5,0.9659258262890684,-0.2588190451025207,1.0,71550.0,7117.2,53845.0,294.8444961334961,6.62758332490921,10268.6575,51325.88,24836.6,16473.0,4847.0,0.0,0.0,5912.04,6.424818,2020
2018-11-17 10:00:00+00:00,8.970415,15.1252596,0.7266075247685657,-0.6870527672236668,2472229.0,25.23333333333333,-0.8660254037844387,0.4999999999999999,0.0,57950.0,5110.1,43960.0,148.5234253154253,10.55677790111966,8169.917500000001,33720.552500000005,22521.3,17519.0,2816.0,2144.9,746742.75,3340.47,5.9924426,2018
2021-07-21 13:00:00+00:00,25.510496,46.29497964,-0.9441875088341996,-0.3294084822245298,2538196.0,36.0,-0.9659258262890684,-0.2588190451025203,1.0,51750.0,7117.2,43133.0,624.4344939763939,20.98637477556864,4585.110000000001,36181.70999999999,22353.9,24314.0,4782.0,8214.11,2988248.0,1436.34,1.3550994,2021
2023-09-04 05:00:00+00:00,18.043491,89.55725625000001,-0.4443781781046134,-0.8958392907349089,2865844.0,31.0,0.2588190451025207,0.9659258262890684,1.0,39400.0,7043.3,40310.0,212.1322400451401,20.07911088731554,8088.48,43066.4475,16170.4,19356.0,2929.0,0.0,384.94086,6292.57,6.678409,2023
2023-06-01 09:00:00+00:00,17.835096,89.55725625000001,-0.865307254363206,0.5012418134457758,2404082.0,23.9,-0.7071067811865475,0.7071067811865476,1.0,47300.0,5118.0,33930.0,268.4643461519961,17.177000098758256,3201.8475000000008,15347.299999999996,12685.25,16933.0,4929.0,9927.88,2067400.4,3803.89,3.8972137,2023
2020-02-20 21:00:00+00:00,7.299467,17.2389636,0.6387494220515272,0.7694148268839378,2116585.0,9.82,0.7071067811865474,-0.7071067811865477,1.0,62400.0,7117.2,48749.0,429.7481417582417,8.942541639010113,7666.059999999999,18865.992500000008,25660.4,19897.0,5969.0,0.0,0.0,6787.31,6.0757294,2020
2018-06-01 06:00:00+00:00,15.242698,15.1252596,-0.865307254363206,0.5012418134457758,1791003.0,21.85,6.123233995736766e-17,1.0,1.0,49400.0,4076.8,44885.0,480.0973438746439,13.69025015830994,10145.1675,56511.4075,27085.7,22261.0,7871.0,769.83,334127.22,752.83,1.8224962,2018
2022-06-14 08:00:00+00:00,19.650675,80.46928043999999,-0.9549667548552552,0.2967128192734903,2411291.0,90.43,-0.4999999999999998,0.8660254037844387,1.0,50500.0,6113.8,29255.0,175.5624221001221,20.458944744533937,6699.335000000001,30947.3175,21569.175,22533.0,3423.0,6655.56,1665863.6,1449.52,2.5473108,2022
2019-11-28 17:00:00+00:00,10.52363,22.79031588,0.8429415373547827,-0.5380051715383,2815568.0,15.6,-0.2588190451025206,-0.9659258262890684,1.0,67600.0,5008.0,45355.0,372.9207572446073,9.822249968846634,10253.765,34643.3475,25034.8,25643.0,6329.0,0.0,5426.806,5761.9,7.116516,2019
2022-05-04 15:00:00+00:00,15.553593,80.46928043999999,-0.5343725582809786,0.8452490573530633,1418563.0,102.0,-0.7071067811865477,-0.7071067811865475,1.0,45950.0,6125.5,30093.0,223.0509636752137,14.7356669637892,8175.59,45125.1575,13212.4,19318.0,5030.0,5791.02,1829007.4,1991.85,2.621736,2022
2021-08-26 09:00:00+00:00,19.067015,46.29497964,-0.5772916165517278,-0.8165380514459157,2612909.0,45.4,-0.7071067811865475,0.7071067811865476,1.0,49550.0,7117.2,43377.0,228.16571003256,19.69361114501952,7253.519999999999,37217.60749999999,21483.1,18452.0,3389.0,4570.9,1502637.0,2684.44,3.1076849,2021
2019-05-10 02:00:00+00:00,10.221797,22.79031588,-0.6186714032625031,0.7856498550787147,1130279.0,14.06,0.8660254037844387,0.4999999999999999,1.0,43200.0,6125.5,44475.0,324.0977001221001,13.328416665395109,7789.7625,32990.8575,13821.8,14250.0,5807.0,0.0,0.0,1986.75,3.8057203,2019
2018-03-06 14:00:00+00:00,9.193908,15.1252596,0.436651231956064,0.8996308696522433,665128.0,19.6,-0.8660254037844386,-0.5000000000000001,1.0,67900.0,6071.9,51555.0,441.5599032560033,6.881166736284891,10817.115,68019.63,20152.9,26520.0,6157.0,2405.33,1430580.4,1359.82,4.8663692,2018
2021-10-13 05:00:00+00:00,9.319729,46.29497964,0.209314645963048,-0.9778483415056568,2385992.0,91.5,0.2588190451025207,0.9659258262890684,1.0,54400.0,6796.4,45345.0,158.91722527472527,13.46094454659356,10077.2475,55274.2875,18806.9,21471.0,2705.0,0.0,0.0,2133.05,3.7185798,2021
2019-03-08 12:00:00+00:00,10.325773,22.79031588,0.4054257283599973,0.9141279881853336,1161979.0,16.78,-1.0,1.2246467991473532e-16,1.0,65150.0,7117.2,52291.0,303.1194295482296,8.46872226397196,9591.632500000002,19866.04,26604.5,20025.0,5412.0,3776.29,1621783.9,3163.72,5.377832,2019
2021-09-13 12:00:00+00:00,22.746197,46.29497964,-0.300819807635668,-0.9536809966304456,2394175.0,61.5,-1.0,1.2246467991473532e-16,1.0,50550.0,7117.2,43571.0,189.3416721204721,20.699333508809403,8113.6675,40105.685,20302.9,21456.0,2446.0,7009.76,2078498.8,1052.15,2.4387352,2021
2021-10-24 04:00:00+00:00,7.4543157,46.29497964,0.3896304495307877,-0.9209712877166348,2356588.0,88.35,0.5000000000000001,0.8660254037844386,0.0,43050.0,6121.4,40825.0,150.66501652421653,12.08416679170398,6689.305,28435.735,16436.2,12345.0,1775.0,0.0,0.0,4594.6,3.645213,2021
2020-10-06 20:00:00+00:00,14.136775,17.2389636,0.1073813466641621,-0.994217906893952,2964842.0,12.85,0.5000000000000001,-0.8660254037844386,1.0,49850.0,6125.5,41500.0,309.56912861212857,13.370433266957605,6525.599999999999,30625.890000000003,22900.0,18484.0,4764.0,0.0,0.0,9901.99,8.560935,2020
2023-09-16 11:00:00+00:00,21.936415,89.55725625000001,-0.2511900638848195,-0.9679377830240642,2818485.0,36.23333333333333,-0.9659258262890682,0.258819045102521,0.0,44950.0,7028.3,42675.0,179.45179174529176,21.57533348931205,4462.28,13857.912500000006,10177.325,12799.0,2691.0,9357.96,1777317.4,2712.96,3.69009,2023
2018-09-11 19:00:00+00:00,20.679663,15.1252596,-0.333468778918187,-0.9427611433904206,2678886.0,28.7,0.2588190451025203,-0.9659258262890684,1.0,49150.0,7117.2,46785.0,159.96376684981684,18.242874781290688,8985.375,49883.0125,28115.6,22844.0,3336.0,0.0,10599.144,884.74,1.2724609,2018
2019-04-29 23:00:00+00:00,9.35073,22.79031588,-0.4597327394521039,0.8880573226294932,1112875.0,14.57,0.9659258262890684,-0.2588190451025207,1.0,49750.0,6125.5,45040.0,273.198594017094,13.642666737238583,8077.309999999999,32911.5125,19439.4,13517.0,4801.0,0.0,0.0,2487.73,2.809181,2019
2019-08-09 11:00:00+00:00,24.737164,22.79031588,-0.7883050558305256,-0.6152845999633274,2749841.0,10.13,-0.9659258262890682,0.258819045102521,1.0,50250.0,7117.2,41603.0,200.33694385429388,23.18774962425233,7660.085,35923.67,22946.6,15529.0,3899.0,5447.3,2186844.8,5267.89,5.9159584,2019
2020-04-28 02:00:00+00:00,11.327871,17.2389636,-0.4597327394521039,0.8880573226294932,1740867.0,5.98,0.8660254037844387,0.4999999999999999,1.0,35250.0,5110.1,38585.0,257.6211333129834,15.377416531244933,5971.3225,40633.3625,11848.4,10918.0,5221.0,0.0,0.0,3302.95,2.9811924,2020
2021-12-21 20:00:00+00:00,3.3322246,46.29497964,0.9852201067560606,-0.1712931441814778,1928190.0,182.3,0.5000000000000001,-0.8660254037844386,1.0,73600.0,5810.1,44595.0,249.8782951770452,5.090277798887757,10574.1725,57234.0025,28494.7,21315.0,4606.0,0.0,0.0,2275.65,4.1208315,2021
2020-10-13 10:00:00+00:00,11.520414,17.2389636,0.226115685508288,-0.9741004551724206,3019708.0,13.25,-0.8660254037844387,0.4999999999999999,1.0,61650.0,6125.5,43570.0,271.3814257224257,12.25756667455036,8359.8125,51488.8125,17310.0,18683.0,4308.0,3562.62,1029844.9,3673.23,3.271772,2020
2020-09-27 01:00:00+00:00,10.265646,17.2389636,-0.0473213883224323,-0.9988797155850336,2821249.0,12.023333333333332,0.9659258262890684,0.2588190451025207,0.0,35700.0,7085.5,37100.0,220.13670993081,13.797366555531813,4102.397500000001,17117.8625,6944.9,10559.0,3103.0,0.0,0.0,7722.49,6.353091,2020
2023-06-25 15:00:00+00:00,26.678328,89.55725625000001,-0.993746580436178,0.1116590071216946,2827813.0,32.63333333333333,-0.7071067811865477,-0.7071067811865475,0.0,38150.0,7117.2,36240.0,253.1545468975469,22.24155574374732,4475.4725,22959.1025,6298.599999999999,11985.0,4662.0,9473.24,2554676.8,3237.93,3.4681034,2023
2019-12-18 23:00:00+00:00,10.276804,22.79031588,0.9750645322571948,-0.2219215130041658,2652638.0,12.77,0.9659258262890684,-0.2588190451025207,1.0,58600.0,6071.9,47600.0,592.1941550264551,8.818125089009602,7038.249999999999,35138.6775,16547.6,14714.0,6615.0,0.0,0.0,10135.37,8.192263,2019
2023-06-19 18:00:00+00:00,22.154764,89.55725625000001,-0.9769384927771816,0.2135209154397961,2827813.0,36.2,-1.8369701987210292e-16,-1.0,1.0,44550.0,6113.8,34760.0,235.6739905964406,20.160777515835253,8673.885,51340.23,22255.1,21224.0,5594.0,1277.58,669475.56,1710.59,2.4270718,2023
2018-06-24 18:00:00+00:00,20.655165,15.1252596,-0.99167731989929,0.1287481774525808,2562038.0,21.666666666666668,-1.8369701987210292e-16,-1.0,0.0,39550.0,5068.5,41650.0,294.2393981277981,17.231000423431396,8284.505,44461.9775,22655.6,15425.0,6512.0,708.45,881798.44,2123.22,3.9306483,2018
2019-08-03 04:00:00+00:00,16.471157,22.79031588,-0.847540922892831,-0.5307300481619335,2742271.0,10.89,0.5000000000000001,0.8660254037844386,0.0,33650.0,7117.2,40745.0,176.4046048840049,21.269208590189628,6857.9725,37556.6875,21457.4,15112.0,2656.0,0.0,7.745641,1216.89,2.0960627,2019
2019-10-02 15:00:00+00:00,16.086472,22.79031588,0.0215160974362222,-0.9997685019798908,2648638.0,10.1,-0.7071067811865477,-0.7071067811865475,1.0,47950.0,7117.2,43310.0,146.74809582824582,17.32104166348776,8387.265000000001,40289.74,19985.0,23083.0,2784.0,2835.39,1147305.6,4927.26,6.026707,2019
2018-06-09 09:00:00+00:00,19.331491,15.1252596,-0.9259247771938498,0.3777079652039649,2062657.0,21.666666666666668,-0.7071067811865475,0.7071067811865476,0.0,44500.0,5068.5,41970.0,471.54493333333335,15.282833417256692,8245.5425,37976.2225,22686.0,15573.0,7771.0,3330.21,1823209.6,425.65,0.8547353,2018
2021-03-17 14:00:00+00:00,9.361065,46.29497964,0.2595117970697999,0.9657399376548548,1154107.0,18.7,-0.8660254037844386,-0.5000000000000001,1.0,61450.0,6111.4,46285.0,338.82350205535204,8.871083339055373,8018.794999999999,50919.53999999999,7402.9000000000015,20346.0,5088.0,4479.6,1703887.9,7988.65,6.38789,2021
2020-02-25 11:00:00+00:00,9.604609,17.2389636,0.5702422926917871,0.8214765533024142,2008603.0,9.25,-0.9659258262890682,0.258819045102521,1.0,67050.0,7117.2,49444.0,356.55885846560847,9.000000079472859,7013.37,24898.815,18798.7,21627.0,5575.0,3185.77,1049586.1,7744.31,7.808094,2020
2018-08-08 14:00:00+00:00,24.515123,15.1252596,-0.798779372886365,-0.6016240632249223,2837239.0,22.63,-0.8660254037844386,-0.5000000000000001,1.0,48600.0,7117.2,42630.0,182.933621021571,20.669249773025538,7887.175000000001,44708.7225,25896.1,21392.0,3326.0,3626.38,2175401.2,1115.21,2.8597348,2018
2022-07-11 18:00:00+00:00,25.131893,80.46928043999999,-0.9866579328916572,-0.1628070129385164,2462110.0,166.77,-1.8369701987210292e-16,-1.0,1.0,49050.0,7117.2,29555.0,147.0843820919821,23.92966699600222,8738.880000000001,52076.94,24078.15,22899.0,3104.0,1419.68,910832.0,2515.83,2.9550204,2022
2021-06-30 17:00:00+00:00,18.966957,46.29497964,-0.9996666485105112,0.025818440227133,2310252.0,35.5,-0.2588190451025206,-0.9659258262890684,1.0,49050.0,7117.2,41060.0,452.6864943833944,18.50450007120769,8956.814999999999,49909.4925,20558.7,25085.0,6308.0,3793.27,1126352.2,1513.74,3.3414893,2021
2021-01-06 09:00:00+00:00,1.8142062,46.29497964,0.9946708199115212,0.1031016974474348,2407326.0,17.73,-0.7071067811865475,0.7071067811865476,1.0,85400.0,7117.2,52165.0,341.6533190883192,4.525777790281507,10897.765,46106.3325,22131.2,14267.0,6337.0,1117.1,214184.55,1403.28,2.4538596,2021
2019-08-21 23:00:00+00:00,16.592834,22.79031588,-0.64534811322955,-0.7638886127905429,2777986.0,9.93,0.9659258262890684,-0.2588190451025207,1.0,38400.0,7117.2,39733.0,297.4389771062271,20.200333595275858,7805.7975,37474.35250000001,17866.2,13676.0,3774.0,0.0,0.0,2372.95,2.0265272,2019
2018-06-10 17:00:00+00:00,20.3578,15.1252596,-0.9322892131745132,0.3617137307297676,2062657.0,21.633333333333333,-0.2588190451025206,-0.9659258262890684,0.0,40900.0,5068.5,41937.0,458.9352501221002,15.895250240961712,8104.57,47178.485,18585.4,14806.0,7489.0,1184.65,1069157.4,1580.81,1.1221471,2018
2021-04-26 17:00:00+00:00,13.492884,46.29497964,-0.4132786077829042,0.9106046300942162,940614.0,20.17,-0.2588190451025206,-0.9659258262890684,1.0,49950.0,6121.4,39525.0,176.52031872201871,13.668999883863671,7427.2425,53065.7025,24905.8,20242.0,4388.0,2774.01,950810.8,6931.66,5.31522,2021
2019-06-13 00:00:00+00:00,11.967983,22.79031588,-0.9497178427914318,0.3131070409358265,1959725.0,11.43,1.0,0.0,1.0,41050.0,7117.2,43739.0,410.7283727716728,15.710000356038416,6681.612499999999,29291.722500000003,17963.1,16252.0,6238.0,0.0,0.0,3206.98,2.9406648,2019
2023-10-21 09:00:00+00:00,13.593553,89.55725625000001,0.3415707691678551,-0.9398560579418956,2620085.0,47.11666666666667,-0.7071067811865475,0.7071067811865476,0.0,43700.0,4765.8,39411.0,210.02117656787647,15.750722249348954,2989.300000000001,17248.922499999993,5196.224999999999,14881.0,3415.0,4700.25,721345.3,16373.48,7.0463524,2023
2022-06-17 21:00:00+00:00,22.5247,80.46928043999999,-0.969009825724406,0.2470221804809359,2411291.0,120.0,0.7071067811865474,-0.7071067811865477,1.0,49750.0,6113.8,27215.0,171.86830622710625,23.99733352661133,6968.8725,35887.6425,24045.8,19800.0,4143.0,0.0,1430.9305,1467.32,1.3381891,2022
2020-06-26 11:00:00+00:00,22.560457,17.2389636,-0.9970011699250152,0.077386479233463,2854415.0,4.97,-0.9659258262890682,0.258819045102521,1.0,52550.0,5114.2,30655.0,243.2383925925926,20.44523366292318,5656.299999999999,25649.61,19478.4,19317.0,5514.0,5482.17,2535157.0,2721.84,2.404894,2020
2023-10-01 20:00:00+00:00,18.316278,89.55725625000001,0.0043035382962438,-0.99999073973619,2776356.0,34.266666666666666,0.5000000000000001,-0.8660254037844386,0.0,40500.0,5983.0,39416.0,159.20596513671515,19.8691110610962,7233.700000000001,31254.620000000003,21145.75,13886.0,2641.0,0.0,0.0,2053.13,1.8177896,2023
2023-02-02 12:00:00+00:00,8.79199,89.55725625000001,0.8429415373547828,0.5380051715382996,1741224.0,57.13,-1.0,1.2246467991473532e-16,1.0,66700.0,7117.2,44900.0,230.77262779949524,6.168499959839714,7671.2,48120.442500000005,17536.3,20414.0,3224.0,6279.8,1134236.4,6533.17,4.0746,2023
2019-03-31 14:00:00+00:00,14.966495,22.79031588,0.0215160974362222,0.9997685019798908,1064149.0,14.293333333333331,-0.8660254037844386,-0.5000000000000001,0.0,40350.0,7117.2,47805.0,208.933831990232,11.422111087375225,5828.68,21130.862500000003,18088.2,9493.0,2855.0,4364.96,2214809.0,2323.28,4.1594377,2019
2018-09-13 13:00:00+00:00,20.856995,15.1252596,-0.300819807635668,-0.9536809966304456,2678886.0,26.55,-0.9659258262890684,-0.2588190451025203,1.0,52050.0,7117.2,48630.0,156.99191984126983,17.415291666984576,9700.295,61617.19,27094.4,26651.0,2587.0,3911.59,1808198.6,1869.01,2.8625557,2018
2020-08-01 06:00:00+00:00,19.97006,17.2389636,-0.8565509959010037,-0.5160623910158526,3100546.0,5.54,6.123233995736766e-17,1.0,0.0,39150.0,7117.2,33140.0,172.4019780830281,21.30159982045492,5724.3025,26681.4425,20674.2,16065.0,3595.0,948.53,289564.06,2080.45,2.9121644,2020
2019-10-21 03:00:00+00:00,11.778735,22.79031588,0.3415707691678551,-0.9398560579418956,2771196.0,10.1,0.7071067811865476,0.7071067811865476,1.0,40100.0,6111.4,40270.0,310.39916695156694,14.516916592915862,7127.145,36661.58,20057.0,13550.0,4332.0,0.0,0.0,3658.13,0.56171054,2019
2019-03-25 09:00:00+00:00,9.295426,22.79031588,0.1244792638867893,0.9922222094179324,1064149.0,14.35,-0.7071067811865475,0.7071067811865476,1.0,63250.0,7117.2,51870.0,272.09179369149365,9.909166495005293,8103.997499999999,26902.41750000001,19500.5,20121.0,4635.0,3782.31,1290521.0,4013.15,5.4233947,2019
2023-05-16 12:00:00+00:00,13.894591,89.55725625000001,-0.6963762255968722,0.717676913675962,2051871.0,31.63,-1.0,1.2246467991473532e-16,1.0,48750.0,4104.3,35795.0,399.4254152717653,14.153777652316622,4762.995,14011.71,103.97499999999854,18506.0,4772.0,11686.93,2423279.8,6940.82,6.444351,2023
2020-09-17 12:00:00+00:00,23.401144,17.2389636,-0.2177232303965322,-0.9760105506323682,2855432.0,11.0,-1.0,1.2246467991473532e-16,1.0,53150.0,7117.2,36340.0,153.4222677045177,19.56369972229004,6228.290000000001,32518.8,22991.5,22210.0,2667.0,6295.72,2360256.0,3917.69,5.202074,2020
2018-04-04 10:00:00+00:00,11.837297,15.1252596,-0.0473213883224318,0.9988797155850336,597380.0,19.1,-0.8660254037844387,0.4999999999999999,1.0,61900.0,6071.9,46790.0,470.7995293515127,9.254250129063934,8718.8375,46175.435,16952.0,22853.0,6741.0,3242.8,1467926.6,6284.24,6.857296,2018
2021-04-23 09:00:00+00:00,12.634984,46.29497964,-0.3657225234972692,0.9307239310379792,874649.0,20.17,-0.7071067811865475,0.7071067811865476,1.0,52650.0,6111.4,39485.0,173.78255757020756,11.863388750288223,7073.015000000001,26021.022500000006,18006.2,19401.0,3112.0,4790.96,2032801.2,3152.91,4.651776,2021
2018-02-18 02:00:00+00:00,4.195699,15.1252596,0.6648553979642865,0.7469720876965552,1194343.0,19.14333333333333,0.8660254037844387,0.4999999999999999,0.0,57800.0,7117.2,52720.0,693.1058257190341,6.447416663169858,8526.112500000001,48083.9225,16617.2,12229.0,6171.0,0.0,0.0,1510.85,2.3583765,2018
2019-03-16 18:00:00+00:00,12.24945,22.79031588,0.276096973097469,0.9611297838723007,1157528.0,15.033333333333331,-1.8369701987210292e-16,-1.0,0.0,55100.0,7117.2,44390.0,557.54943992674,10.061944325764978,7783.8025,26240.759999999995,19822.8,19485.0,6150.0,0.0,147607.52,8698.78,8.318395,2019
2022-10-11 05:00:00+00:00,12.0641,80.46928043999999,0.1755314904214277,-0.9844738167520924,2320864.0,99.0,0.2588190451025207,0.9659258262890684,1.0,46800.0,6111.4,30230.0,169.98762566016916,15.248999675114934,9583.2725,54737.52,24393.1,20593.0,2550.0,0.0,0.0,2822.19,3.4190369,2022
2021-01-18 09:00:00+00:00,3.92224,46.29497964,0.9523775757303976,0.304921224656289,1924342.0,19.05,-0.7071067811865475,0.7071067811865476,1.0,79800.0,7117.2,51875.0,472.2606123728124,5.129000027974446,9602.1825,49046.63500000001,32204.3,25932.0,6961.0,1467.27,245778.9,3132.25,3.06052,2021
2021-11-07 22:00:00+00:00,8.829311,46.29497964,0.5981809144059166,-0.8013610881746764,2349925.0,75.75333333333333,0.8660254037844384,-0.5000000000000004,0.0,57000.0,6121.4,40625.0,185.92868803418804,10.22833342022364,6819.532499999999,22090.54,14233.2,13661.0,2793.0,0.0,0.0,3630.78,4.613961,2021
2019-01-19 20:00:00+00:00,3.8101397,22.79031588,0.9469877530760752,0.3212696616923644,1931241.0,22.1,0.5000000000000001,-0.8660254037844386,0.0,68850.0,6053.3,50516.0,251.3187812576313,6.160249948501587,9677.5725,48754.605,26406.5,17998.0,4188.0,0.0,0.0,2741.12,1.8842748,2019
2023-03-10 08:00:00+00:00,9.084366,89.55725625000001,0.373719714790469,0.9275416835791966,1351720.0,50.1,-0.4999999999999998,0.8660254037844387,1.0,58400.0,7117.2,36627.0,260.2287459593546,9.543277766969478,9605.79,38247.89,8600.724999999999,22546.0,4357.0,2704.36,311994.34,18352.19,10.170006,2023
2023-09-10 01:00:00+00:00,19.113932,89.55725625000001,-0.3496474552512282,-0.9368813462954316,2865844.0,36.48333333333333,0.9659258262890684,0.2588190451025207,0.0,33650.0,7043.3,40690.0,181.86437230917232,22.15211094750299,6796.985,30501.2,17160.35,11924.0,2402.0,0.0,0.0,3506.71,1.3699565,2023
2021-10-13 17:00:00+00:00,13.561826,46.29497964,0.209314645963048,-0.9778483415056568,2385992.0,91.5,-0.2588190451025206,-0.9659258262890684,1.0,58100.0,6796.4,45345.0,158.91722527472527,14.01266649034285,10497.839999999998,56775.1825,21855.2,23251.0,3190.0,1506.02,223759.62,2009.74,3.0293927,2021
2022-12-14 01:00:00+00:00,4.629452,80.46928043999999,0.9574851883550392,-0.288482432880609,2190805.0,133.0,0.9659258262890684,0.2588190451025207,1.0,66350.0,7117.2,42100.0,240.38958604471216,4.913500001033149,8599.307499999999,37781.177500000005,6299.75,15266.0,3486.0,0.0,0.0,3060.39,2.2073233,2022
2021-05-15 16:00:00+00:00,13.575819,46.29497964,-0.6839194216246103,0.7295575540864878,1231647.0,26.796666666666667,-0.5000000000000004,-0.8660254037844385,0.0,41700.0,6071.9,40160.0,452.4962674196174,12.825277540418831,6291.8925,41764.64000000001,3854.599999999999,14992.0,6347.0,3012.22,1092235.1,6293.46,6.83939,2021
2022-01-05 22:00:00+00:00,3.6626892,80.46928043999999,0.9962981749346078,0.0859647987374464,2152112.0,90.0,0.8660254037844384,-0.5000000000000004,1.0,69350.0,6105.9,47774.0,581.4137495726495,7.192722227838306,7899.5175,29475.687500000004,18524.3,13915.0,6019.0,0.0,0.0,4670.15,4.973241,2022
2019-09-08 00:00:00+00:00,13.66989,22.79031588,-0.3816892202666594,-0.924290722193093,2718854.0,9.48,1.0,0.0,0.0,37350.0,7117.2,39971.0,163.53680085877087,18.315458138783768,6199.675,35555.17,14377.0,12197.0,2131.0,0.0,0.0,2626.84,3.9075902,2019
2022-04-26 00:00:00+00:00,9.216836,80.46928043999999,-0.4132786077829042,0.9106046300942162,1380258.0,93.23,1.0,0.0,1.0,43950.0,5061.6,30365.0,320.3276588319088,13.528555764092332,5948.51,39595.97,18887.4,10150.0,5453.0,0.0,0.0,1709.11,1.9740254,2022
2023-06-05 04:00:00+00:00,13.347779,89.55725625000001,-0.8977433935342337,0.440518784350495,2579634.0,28.7,0.5000000000000001,0.8660254037844386,1.0,35750.0,5118.0,32600.0,268.6675961519961,17.475055323706727,6031.3775000000005,42232.0025,20315.425,15008.0,5677.0,9.77,4576.2515,4128.29,3.9342442,2023
2018-06-07 08:00:00+00:00,17.252443,15.1252596,-0.9123747579707272,0.4093559588156217,2062657.0,21.75,-0.4999999999999998,0.8660254037844387,1.0,51950.0,5068.5,43285.0,475.48182667887664,14.249499797821038,9629.429999999998,49512.1675,25817.4,22425.0,7660.0,2098.01,1093509.2,510.42,0.44492617,2018
2023-08-08 10:00:00+00:00,19.883959,89.55725625000001,-0.798779372886365,-0.6016240632249223,2933071.0,29.51,-0.8660254037844387,0.4999999999999999,1.0,44550.0,7043.3,32470.0,225.29430503940503,19.68644407060413,4508.535000000002,-759.1599999999962,10790.35,10149.0,2828.0,11484.05,2088286.1,1569.18,2.4838316,2023
2023-08-15 23:00:00+00:00,18.985195,89.55725625000001,-0.7206671495538611,-0.6932812268869775,2870892.0,36.3,0.9659258262890684,-0.2588190451025207,1.0,34850.0,7043.3,34414.0,186.7472103267104,22.885721948411724,6728.0275,35488.310000000005,17431.85,11145.0,2955.0,0.0,0.0,1359.27,2.0694726,2023
